Great_Group,Suborder,Order,TAX,Organic_soils
Albaqualfs,Aqualfs,Alfisols,Alfisols_Aqualfs_Albaqualfs,0
Cryaqualfs,Aqualfs,Alfisols,Alfisols_Aqualfs_Cryaqualfs,0
Duraqualfs,Aqualfs,Alfisols,Alfisols_Aqualfs_Duraqualfs,0
Endoaqualfs,Aqualfs,Alfisols,Alfisols_Aqualfs_Endoaqualfs,0
Epiaqualfs,Aqualfs,Alfisols,Alfisols_Aqualfs_Epiaqualfs,0
Fragiaqualfs,Aqualfs,Alfisols,Alfisols_Aqualfs_Fragiaqualfs,0
Glossaqualfs,Aqualfs,Alfisols,Alfisols_Aqualfs_Glossaqualfs,0
Kandiaqualfs,Aqualfs,Alfisols,Alfisols_Aqualfs_Kandiaqualfs,0
Natraqualfs,Aqualfs,Alfisols,Alfisols_Aqualfs_Natraqualfs,0
Ochraqualfs,Aqualfs,Alfisols,Alfisols_Aqualfs_Ochraqualfs,0
Plinthaqualfs,Aqualfs,Alfisols,Alfisols_Aqualfs_Plinthaqualfs,0
Tropaqualfs,Aqualfs,Alfisols,Alfisols_Aqualfs_Tropaqualfs,0
Umbraqualfs,Aqualfs,Alfisols,Alfisols_Aqualfs_Umbraqualfs,0
Vermaqualfs,Aqualfs,Alfisols,Alfisols_Aqualfs_Vermaqualfs,0
Cryoboralfs,Boralfs,Alfisols,Alfisols_Boralfs_Cryoboralfs,0
Eutroboralfs,Boralfs,Alfisols,Alfisols_Boralfs_Eutroboralfs,0
Fragiboralfs,Boralfs,Alfisols,Alfisols_Boralfs_Fragiboralfs,0
Glossoboralfs,Boralfs,Alfisols,Alfisols_Boralfs_Glossoboralfs,0
Natriboralfs,Boralfs,Alfisols,Alfisols_Boralfs_Natriboralfs,0
Paleboralfs,Boralfs,Alfisols,Alfisols_Boralfs_Paleboralfs,0
Glossocryalfs,Cryalfs,Alfisols,Alfisols_Cryalfs_Glossocryalfs,0
Haplocryalfs,Cryalfs,Alfisols,Alfisols_Cryalfs_Haplocryalfs,0
Palecryalfs,Cryalfs,Alfisols,Alfisols_Cryalfs_Palecryalfs,0
Ferrudalfs,Udalfs,Alfisols,Alfisols_Udalfs_Ferrudalfs,0
Fragiudalfs,Udalfs,Alfisols,Alfisols_Udalfs_Fragiudalfs,0
Fraglossudalfs,Udalfs,Alfisols,Alfisols_Udalfs_Fraglossudalfs,0
Glossudalfs,Udalfs,Alfisols,Alfisols_Udalfs_Glossudalfs,0
Hapludalfs,Udalfs,Alfisols,Alfisols_Udalfs_Hapludalfs,0
Kandiudalfs,Udalfs,Alfisols,Alfisols_Udalfs_Kandiudalfs,0
Kanhapludalfs,Udalfs,Alfisols,Alfisols_Udalfs_Kanhapludalfs,0
Natrudalfs,Udalfs,Alfisols,Alfisols_Udalfs_Natrudalfs,0
Paleudalfs,Udalfs,Alfisols,Alfisols_Udalfs_Paleudalfs,0
Rhodudalfs,Udalfs,Alfisols,Alfisols_Udalfs_Rhodudalfs,0
Tropudalfs,Udalfs,Alfisols,Alfisols_Udalfs_Tropudalfs,0
Durustalfs,Ustalfs,Alfisols,Alfisols_Ustalfs_Durustalfs,0
Haplustalfs,Ustalfs,Alfisols,Alfisols_Ustalfs_Haplustalfs,0
Kandiustalfs,Ustalfs,Alfisols,Alfisols_Ustalfs_Kandiustalfs,0
Kanhaplustalfs,Ustalfs,Alfisols,Alfisols_Ustalfs_Kanhaplustalfs,0
Natrustalfs,Ustalfs,Alfisols,Alfisols_Ustalfs_Natrustalfs,0
Paleustalfs,Ustalfs,Alfisols,Alfisols_Ustalfs_Paleustalfs,0
Plinthustalfs,Ustalfs,Alfisols,Alfisols_Ustalfs_Plinthustalfs,0
Rhodustalfs,Ustalfs,Alfisols,Alfisols_Ustalfs_Rhodustalfs,0
Durixeralfs,Xeralfs,Alfisols,Alfisols_Xeralfs_Durixeralfs,0
Fragixeralfs,Xeralfs,Alfisols,Alfisols_Xeralfs_Fragixeralfs,0
Haploxeralfs,Xeralfs,Alfisols,Alfisols_Xeralfs_Haploxeralfs,0
Natrixeralfs,Xeralfs,Alfisols,Alfisols_Xeralfs_Natrixeralfs,0
Palexeralfs,Xeralfs,Alfisols,Alfisols_Xeralfs_Palexeralfs,0
Plinthoxeralfs,Xeralfs,Alfisols,Alfisols_Xeralfs_Plinthoxeralfs,0
Rhodoxeralfs,Xeralfs,Alfisols,Alfisols_Xeralfs_Rhodoxeralfs,0
Cryaquands,Aquands,Andisols,Andisols_Aquands_Cryaquands,0
Duraquands,Aquands,Andisols,Andisols_Aquands_Duraquands,0
Endoaquands,Aquands,Andisols,Andisols_Aquands_Endoaquands,0
Epiaquands,Aquands,Andisols,Andisols_Aquands_Epiaquands,0
Gelaquands,Aquands,Andisols,Andisols_Aquands_Gelaquands,0
Haplaquands,Aquands,Andisols,Andisols_Aquands_Haplaquands,0
Melanaquands,Aquands,Andisols,Andisols_Aquands_Melanaquands,0
Placaquands,Aquands,Andisols,Andisols_Aquands_Placaquands,0
Vitraquands,Aquands,Andisols,Andisols_Aquands_Vitraquands,0
Duricryands,Cryands,Andisols,Andisols_Cryands_Duricryands,0
Fulvicryands,Cryands,Andisols,Andisols_Cryands_Fulvicryands,0
Haplocryands,Cryands,Andisols,Andisols_Cryands_Haplocryands,0
Hydrocryands,Cryands,Andisols,Andisols_Cryands_Hydrocryands,0
Melanocryands,Cryands,Andisols,Andisols_Cryands_Melanocryands,0
Vitricryands,Cryands,Andisols,Andisols_Cryands_Vitricryands,0
Vitrigelands,Gelands,Andisols,Andisols_Gelands_Vitrigelands,0
Duritorrands,Torrands,Andisols,Andisols_Torrands_Duritorrands,0
Haplotorrands,Torrands,Andisols,Andisols_Torrands_Haplotorrands,0
Vitritorrands,Torrands,Andisols,Andisols_Torrands_Vitritorrands,0
Durudands,Udands,Andisols,Andisols_Udands_Durudands,0
Fulvudands,Udands,Andisols,Andisols_Udands_Fulvudands,0
Hapludands,Udands,Andisols,Andisols_Udands_Hapludands,0
Hydrudands,Udands,Andisols,Andisols_Udands_Hydrudands,0
Melanudands,Udands,Andisols,Andisols_Udands_Melanudands,0
Placudands,Udands,Andisols,Andisols_Udands_Placudands,0
Durustands,Ustands,Andisols,Andisols_Ustands_Durustands,0
Haplustands,Ustands,Andisols,Andisols_Ustands_Haplustands,0
Udivitrands,Vitrands,Andisols,Andisols_Vitrands_Udivitrands,0
Ustivitrands,Vitrands,Andisols,Andisols_Vitrands_Ustivitrands,0
Haploxerands,Xerands,Andisols,Andisols_Xerands_Haploxerands,0
Melanoxerands,Xerands,Andisols,Andisols_Xerands_Melanoxerands,0
Vitrixerands,Xerands,Andisols,Andisols_Xerands_Vitrixerands,0
Calciargids,Argids,Aridisols,Aridisols_Argids_Calciargids,0
Durargids,Argids,Aridisols,Aridisols_Argids_Durargids,0
Gypsiargids,Argids,Aridisols,Aridisols_Argids_Gypsiargids,0
Haplargids,Argids,Aridisols,Aridisols_Argids_Haplargids,0
Nadurargids,Argids,Aridisols,Aridisols_Argids_Nadurargids,0
Natrargids,Argids,Aridisols,Aridisols_Argids_Natrargids,0
Paleargids,Argids,Aridisols,Aridisols_Argids_Paleargids,0
Petroargids,Argids,Aridisols,Aridisols_Argids_Petroargids,0
Haplocalcids,Calcids,Aridisols,Aridisols_Calcids_Haplocalcids,0
Petrocalcids,Calcids,Aridisols,Aridisols_Calcids_Petrocalcids,0
Anthracambids,Cambids,Aridisols,Aridisols_Cambids_Anthracambids,0
Aquicambids,Cambids,Aridisols,Aridisols_Cambids_Aquicambids,0
Haplocambids,Cambids,Aridisols,Aridisols_Cambids_Haplocambids,0
Petrocambids,Cambids,Aridisols,Aridisols_Cambids_Petrocambids,0
Argicryids,Cryids,Aridisols,Aridisols_Cryids_Argicryids,0
Calcicryids,Cryids,Aridisols,Aridisols_Cryids_Calcicryids,0
Gypsicryids,Cryids,Aridisols,Aridisols_Cryids_Gypsicryids,0
Haplocryids,Cryids,Aridisols,Aridisols_Cryids_Haplocryids,0
Petrocryids,Cryids,Aridisols,Aridisols_Cryids_Petrocryids,0
Salicryids,Cryids,Aridisols,Aridisols_Cryids_Salicryids,0
Argidurids,Durids,Aridisols,Aridisols_Durids_Argidurids,0
Haplodurids,Durids,Aridisols,Aridisols_Durids_Haplodurids,0
Natridurids,Durids,Aridisols,Aridisols_Durids_Natridurids,0
Argigypsids,Gypsids,Aridisols,Aridisols_Gypsids_Argigypsids,0
Calcigypsids,Gypsids,Aridisols,Aridisols_Gypsids_Calcigypsids,0
Haplogypsids,Gypsids,Aridisols,Aridisols_Gypsids_Haplogypsids,0
Natrigypsids,Gypsids,Aridisols,Aridisols_Gypsids_Natrigypsids,0
Petrogypsids,Gypsids,Aridisols,Aridisols_Gypsids_Petrogypsids,0
Calciorthids,Orthids,Aridisols,Aridisols_Orthids_Calciorthids,0
Camborthids,Orthids,Aridisols,Aridisols_Orthids_Camborthids,0
Durorthids,Orthids,Aridisols,Aridisols_Orthids_Durorthids,0
Gypsiorthids,Orthids,Aridisols,Aridisols_Orthids_Gypsiorthids,0
Paleorthids,Orthids,Aridisols,Aridisols_Orthids_Paleorthids,0
Salorthids,Orthids,Aridisols,Aridisols_Orthids_Salorthids,0
Aquisalids,Salids,Aridisols,Aridisols_Salids_Aquisalids,0
Haplosalids,Salids,Aridisols,Aridisols_Salids_Haplosalids,0
Cryaquents,Aquents,Entisols,Entisols_Aquents_Cryaquents,0
Endoaquents,Aquents,Entisols,Entisols_Aquents_Endoaquents,0
Epiaquents,Aquents,Entisols,Entisols_Aquents_Epiaquents,0
Fluvaquents,Aquents,Entisols,Entisols_Aquents_Fluvaquents,0
Gelaquents,Aquents,Entisols,Entisols_Aquents_Gelaquents,0
Haplaquents,Aquents,Entisols,Entisols_Aquents_Haplaquents,0
Hydraquents,Aquents,Entisols,Entisols_Aquents_Hydraquents,0
Psammaquents,Aquents,Entisols,Entisols_Aquents_Psammaquents,0
Sulfaquents,Aquents,Entisols,Entisols_Aquents_Sulfaquents,0
Tropaquents,Aquents,Entisols,Entisols_Aquents_Tropaquents,0
Torriarents,Arents,Entisols,Entisols_Arents_Torriarents,0
Udarents,Arents,Entisols,Entisols_Arents_Udarents,0
Ustarents,Arents,Entisols,Entisols_Arents_Ustarents,0
Xerarents,Arents,Entisols,Entisols_Arents_Xerarents,0
Cryofluvents,Fluvents,Entisols,Entisols_Fluvents_Cryofluvents,0
Gelifluvents,Fluvents,Entisols,Entisols_Fluvents_Gelifluvents,0
Torrifluvents,Fluvents,Entisols,Entisols_Fluvents_Torrifluvents,0
Tropofluvents,Fluvents,Entisols,Entisols_Fluvents_Tropofluvents,0
Udifluvents,Fluvents,Entisols,Entisols_Fluvents_Udifluvents,0
Ustifluvents,Fluvents,Entisols,Entisols_Fluvents_Ustifluvents,0
Xerofluvents,Fluvents,Entisols,Entisols_Fluvents_Xerofluvents,0
Cryorthents,Orthents,Entisols,Entisols_Orthents_Cryorthents,0
Gelorthents,Orthents,Entisols,Entisols_Orthents_Gelorthents,0
Torriorthents,Orthents,Entisols,Entisols_Orthents_Torriorthents,0
Troporthents,Orthents,Entisols,Entisols_Orthents_Troporthents,0
Udorthents,Orthents,Entisols,Entisols_Orthents_Udorthents,0
Ustorthents,Orthents,Entisols,Entisols_Orthents_Ustorthents,0
Xerorthents,Orthents,Entisols,Entisols_Orthents_Xerorthents,0
Cryopsamments,Psamments,Entisols,Entisols_Psamments_Cryopsamments,0
Quartzipsamments,Psamments,Entisols,Entisols_Psamments_Quartzipsamments,0
Torripsamments,Psamments,Entisols,Entisols_Psamments_Torripsamments,0
Tropopsamments,Psamments,Entisols,Entisols_Psamments_Tropopsamments,0
Udipsamments,Psamments,Entisols,Entisols_Psamments_Udipsamments,0
Ustipsamments,Psamments,Entisols,Entisols_Psamments_Ustipsamments,0
Xeropsamments,Psamments,Entisols,Entisols_Psamments_Xeropsamments,0
Fluviwassents,Wassents,Entisols,Entisols_Wassents_Fluviwassents,0
Frasiwassents,Wassents,Entisols,Entisols_Wassents_Frasiwassents,0
Haplowassents,Wassents,Entisols,Entisols_Wassents_Haplowassents,0
Hydrowassents,Wassents,Entisols,Entisols_Wassents_Hydrowassents,0
Psammowassents,Wassents,Entisols,Entisols_Wassents_Psammowassents,0
Sulfiwassents,Wassents,Entisols,Entisols_Wassents_Sulfiwassents,0
Fibristels,Histels,Gelisols,Gelisols_Histels_Fibristels,1
Folistels,Histels,Gelisols,Gelisols_Histels_Folistels,1
Glacistels,Histels,Gelisols,Gelisols_Histels_Glacistels,1
Hemistels,Histels,Gelisols,Gelisols_Histels_Hemistels,1
Sapristels,Histels,Gelisols,Gelisols_Histels_Sapristels,1
Anhyorthels,Orthels,Gelisols,Gelisols_Orthels_Anhyorthels,0
Aquorthels,Orthels,Gelisols,Gelisols_Orthels_Aquorthels,0
Argiorthels,Orthels,Gelisols,Gelisols_Orthels_Argiorthels,0
Haplorthels,Orthels,Gelisols,Gelisols_Orthels_Haplorthels,0
Historthels,Orthels,Gelisols,Gelisols_Orthels_Historthels,1
Mollorthels,Orthels,Gelisols,Gelisols_Orthels_Mollorthels,0
Psammorthels,Orthels,Gelisols,Gelisols_Orthels_Psammorthels,0
Umbrorthels,Orthels,Gelisols,Gelisols_Orthels_Umbrorthels,0
Anhyturbels,Turbels,Gelisols,Gelisols_Turbels_Anhyturbels,0
Aquiturbels,Turbels,Gelisols,Gelisols_Turbels_Aquiturbels,0
Haploturbels,Turbels,Gelisols,Gelisols_Turbels_Haploturbels,0
Histoturbels,Turbels,Gelisols,Gelisols_Turbels_Histoturbels,0
Molliturbels,Turbels,Gelisols,Gelisols_Turbels_Molliturbels,0
Psammoturbels,Turbels,Gelisols,Gelisols_Turbels_Psammoturbels,0
Umbriturbels,Turbels,Gelisols,Gelisols_Turbels_Umbriturbels,0
Borofibrists,Fibrists,Histosols,Histosols_Fibrists_Borofibrists,1
Cryofibrists,Fibrists,Histosols,Histosols_Fibrists_Cryofibrists,1
Haplofibrists,Fibrists,Histosols,Histosols_Fibrists_Haplofibrists,1
Sphagnofibrists,Fibrists,1,Histosols_Fibrists_Sphagnofibrists,1
Borofolists,Folists,Histosols,Histosols_Folists_Borofolists,1
Cryofolists,Folists,Histosols,Histosols_Folists_Cryofolists,1
Torrifolists,Folists,Histosols,Histosols_Folists_Torrifolists,1
Udifolists,Folists,Histosols,Histosols_Folists_Udifolists,1
Ustifolists,Folists,Histosols,Histosols_Folists_Ustifolists,1
Borohemists,Hemists,Histosols,Histosols_Hemists_Borohemists,1
Cryohemists,Hemists,Histosols,Histosols_Hemists_Cryohemists,1
Haplohemists,Hemists,Histosols,Histosols_Hemists_Haplohemists,1
Luvihemists,Hemists,Histosols,Histosols_Hemists_Luvihemists,1
Medihemists,Hemists,Histosols,Histosols_Hemists_Medihemists,1
Sulfihemists,Hemists,Histosols,Histosols_Hemists_Sulfihemists,1
Sulfohemists,Hemists,Histosols,Histosols_Hemists_Sulfohemists,1
Tropohemists,Hemists,Histosols,Histosols_Hemists_Tropohemists,1
Borosaprists,Saprists,Histosols,Histosols_Saprists_Borosaprists,1
Cryosaprists,Saprists,Histosols,Histosols_Saprists_Cryosaprists,1
Haplosaprists,Saprists,Histosols,Histosols_Saprists_Haplosaprists,1
Medisaprists,Saprists,Histosols,Histosols_Saprists_Medisaprists,1
Sulfisaprists,Saprists,Histosols,Histosols_Saprists_Sulfisaprists,1
Sulfosaprists,Saprists,Histosols,Histosols_Saprists_Sulfosaprists,1
Troposaprists,Saprists,Histosols,Histosols_Saprists_Troposaprists,1
Frasiwassists,Wassists,Histosols,Histosols_Wassists_Frasiwassists,1
Haplowassists,Wassists,Histosols,Histosols_Wassists_Haplowassists,1
Sulfiwassists,Wassists,Histosols,Histosols_Wassists_Sulfiwassists,1
Cryandepts,Andepts,Inceptisols,Inceptisols_Andepts_Cryandepts,0
Durandepts,Andepts,Inceptisols,Inceptisols_Andepts_Durandepts,0
Dystrandepts,Andepts,Inceptisols,Inceptisols_Andepts_Dystrandepts,0
Eutrandepts,Andepts,Inceptisols,Inceptisols_Andepts_Eutrandepts,0
Vitrandepts,Andepts,Inceptisols,Inceptisols_Andepts_Vitrandepts,0
Haplanthrepts,Anthrepts,Inceptisols,Inceptisols_Anthrepts_Haplanthrepts,0
Plagganthrepts,Anthrepts,Inceptisols,Inceptisols_Anthrepts_Plagganthrepts,0
Andaquepts,Aquepts,Inceptisols,Inceptisols_Aquepts_Andaquepts,0
Cryaquepts,Aquepts,Inceptisols,Inceptisols_Aquepts_Cryaquepts,0
Endoaquepts,Aquepts,Inceptisols,Inceptisols_Aquepts_Endoaquepts,0
Epiaquepts,Aquepts,Inceptisols,Inceptisols_Aquepts_Epiaquepts,0
Fragiaquepts,Aquepts,Inceptisols,Inceptisols_Aquepts_Fragiaquepts,0
Gelaquepts,Aquepts,Inceptisols,Inceptisols_Aquepts_Gelaquepts,0
Halaquepts,Aquepts,Inceptisols,Inceptisols_Aquepts_Halaquepts,0
Haplaquepts,Aquepts,Inceptisols,Inceptisols_Aquepts_Haplaquepts,0
Humaquepts,Aquepts,Inceptisols,Inceptisols_Aquepts_Humaquepts,0
Petraquepts,Aquepts,Inceptisols,Inceptisols_Aquepts_Petraquepts,0
Placaquepts,Aquepts,Inceptisols,Inceptisols_Aquepts_Placaquepts,0
Sulfaquepts,Aquepts,Inceptisols,Inceptisols_Aquepts_Sulfaquepts,0
Tropaquepts,Aquepts,Inceptisols,Inceptisols_Aquepts_Tropaquepts,0
Vermaquepts,Aquepts,Inceptisols,Inceptisols_Aquepts_Vermaquepts,0
Calcicryepts,Cryepts,Inceptisols,Inceptisols_Cryepts_Calcicryepts,0
Dystrocryepts,Cryepts,Inceptisols,Inceptisols_Cryepts_Dystrocryepts,0
Eutrocryepts,Cryepts,Inceptisols,Inceptisols_Cryepts_Eutrocryepts,0
Haplocryepts,Cryepts,Inceptisols,Inceptisols_Cryepts_Haplocryepts,0
Humicryepts,Cryepts,Inceptisols,Inceptisols_Cryepts_Humicryepts,0
Dystrogelepts,Gelepts,Inceptisols,Inceptisols_Gelepts_Dystrogelepts,0
Haplogelepts,Gelepts,Inceptisols,Inceptisols_Gelepts_Haplogelepts,0
Humigelepts,Gelepts,Inceptisols,Inceptisols_Gelepts_Humigelepts,0
Cryochrepts,Ochrepts,Inceptisols,Inceptisols_Ochrepts_Cryochrepts,0
Durochrepts,Ochrepts,Inceptisols,Inceptisols_Ochrepts_Durochrepts,0
Dystrochrepts,Ochrepts,Inceptisols,Inceptisols_Ochrepts_Dystrochrepts,0
Eutrochrepts,Ochrepts,Inceptisols,Inceptisols_Ochrepts_Eutrochrepts,0
Fragiochrepts,Ochrepts,Inceptisols,Inceptisols_Ochrepts_Fragiochrepts,0
Ustochrepts,Ochrepts,Inceptisols,Inceptisols_Ochrepts_Ustochrepts,0
Xerochrepts,Ochrepts,Inceptisols,Inceptisols_Ochrepts_Xerochrepts,0
Dystropepts,Tropepts,Inceptisols,Inceptisols_Tropepts_Dystropepts,0
Eutropepts,Tropepts,Inceptisols,Inceptisols_Tropepts_Eutropepts,0
Humitropepts,Tropepts,Inceptisols,Inceptisols_Tropepts_Humitropepts,0
Ustropepts,Tropepts,Inceptisols,Inceptisols_Tropepts_Ustropepts,0
Durudepts,Udepts,Inceptisols,Inceptisols_Udepts_Durudepts,0
Dystrudepts,Udepts,Inceptisols,Inceptisols_Udepts_Dystrudepts,0
Eutrudepts,Udepts,Inceptisols,Inceptisols_Udepts_Eutrudepts,0
Fragiudepts,Udepts,Inceptisols,Inceptisols_Udepts_Fragiudepts,0
Hapludepts,Udepts,Inceptisols,Inceptisols_Udepts_Hapludepts,0
Humudepts,Udepts,Inceptisols,Inceptisols_Udepts_Humudepts,0
Sulfudepts,Udepts,Inceptisols,Inceptisols_Udepts_Sulfudepts,0
Cryumbrepts,Umbrepts,Inceptisols,Inceptisols_Umbrepts_Cryumbrepts,0
Fragiumbrepts,Umbrepts,Inceptisols,Inceptisols_Umbrepts_Fragiumbrepts,0
Haplumbrepts,Umbrepts,Inceptisols,Inceptisols_Umbrepts_Haplumbrepts,0
Xerumbrepts,Umbrepts,Inceptisols,Inceptisols_Umbrepts_Xerumbrepts,0
Calciustepts,Ustepts,Inceptisols,Inceptisols_Ustepts_Calciustepts,0
Durustepts,Ustepts,Inceptisols,Inceptisols_Ustepts_Durustepts,0
Dystrustepts,Ustepts,Inceptisols,Inceptisols_Ustepts_Dystrustepts,0
Haplustepts,Ustepts,Inceptisols,Inceptisols_Ustepts_Haplustepts,0
Humustepts,Ustepts,Inceptisols,Inceptisols_Ustepts_Humustepts,0
Calcixerepts,Xerepts,Inceptisols,Inceptisols_Xerepts_Calcixerepts,0
Durixerepts,Xerepts,Inceptisols,Inceptisols_Xerepts_Durixerepts,0
Dystroxerepts,Xerepts,Inceptisols,Inceptisols_Xerepts_Dystroxerepts,0
Fragixerepts,Xerepts,Inceptisols,Inceptisols_Xerepts_Fragixerepts,0
Haploxerepts,Xerepts,Inceptisols,Inceptisols_Xerepts_Haploxerepts,0
Humixerepts,Xerepts,Inceptisols,Inceptisols_Xerepts_Humixerepts,0
Argialbolls,Albolls,Mollisols,Mollisols_Albolls_Argialbolls,0
Natralbolls,Albolls,Mollisols,Mollisols_Albolls_Natralbolls,0
Argiaquolls,Aquolls,Mollisols,Mollisols_Aquolls_Argiaquolls,0
Calciaquolls,Aquolls,Mollisols,Mollisols_Aquolls_Calciaquolls,0
Cryaquolls,Aquolls,Mollisols,Mollisols_Aquolls_Cryaquolls,0
Duraquolls,Aquolls,Mollisols,Mollisols_Aquolls_Duraquolls,0
Endoaquolls,Aquolls,Mollisols,Mollisols_Aquolls_Endoaquolls,0
Epiaquolls,Aquolls,Mollisols,Mollisols_Aquolls_Epiaquolls,0
Haplaquolls,Aquolls,Mollisols,Mollisols_Aquolls_Haplaquolls,0
Natraquolls,Aquolls,Mollisols,Mollisols_Aquolls_Natraquolls,0
Argiborolls,Borolls,Mollisols,Mollisols_Borolls_Argiborolls,0
Calciborolls,Borolls,Mollisols,Mollisols_Borolls_Calciborolls,0
Cryoborolls,Borolls,Mollisols,Mollisols_Borolls_Cryoborolls,0
Haploborolls,Borolls,Mollisols,Mollisols_Borolls_Haploborolls,0
Natriborolls,Borolls,Mollisols,Mollisols_Borolls_Natriborolls,0
Paleborolls,Borolls,Mollisols,Mollisols_Borolls_Paleborolls,0
Vermiborolls,Borolls,Mollisols,Mollisols_Borolls_Vermiborolls,0
Argicryolls,Cryolls,Mollisols,Mollisols_Cryolls_Argicryolls,0
Calcicryolls,Cryolls,Mollisols,Mollisols_Cryolls_Calcicryolls,0
Duricryolls,Cryolls,Mollisols,Mollisols_Cryolls_Duricryolls,0
Haplocryolls,Cryolls,Mollisols,Mollisols_Cryolls_Haplocryolls,0
Natricryolls,Cryolls,Mollisols,Mollisols_Cryolls_Natricryolls,0
Palecryolls,Cryolls,Mollisols,Mollisols_Cryolls_Palecryolls,0
Haplogelolls,Gelolls,Mollisols,Mollisols_Gelolls_Haplogelolls,0
Cryrendolls,Rendolls,Mollisols,Mollisols_Rendolls_Cryrendolls,0
Haprendolls,Rendolls,Mollisols,Mollisols_Rendolls_Haprendolls,0
Rendolls,Rendolls,Mollisols,Mollisols_Rendolls_Rendolls,0
Argiudolls,Udolls,Mollisols,Mollisols_Udolls_Argiudolls,0
Calciudolls,Udolls,Mollisols,Mollisols_Udolls_Calciudolls,0
Hapludolls,Udolls,Mollisols,Mollisols_Udolls_Hapludolls,0
Natrudolls,Udolls,Mollisols,Mollisols_Udolls_Natrudolls,0
Paleudolls,Udolls,Mollisols,Mollisols_Udolls_Paleudolls,0
Vermudolls,Udolls,Mollisols,Mollisols_Udolls_Vermudolls,0
Argiustolls,Ustolls,Mollisols,Mollisols_Ustolls_Argiustolls,0
Calciustolls,Ustolls,Mollisols,Mollisols_Ustolls_Calciustolls,0
Durustolls,Ustolls,Mollisols,Mollisols_Ustolls_Durustolls,0
Haplustolls,Ustolls,Mollisols,Mollisols_Ustolls_Haplustolls,0
Natrustolls,Ustolls,Mollisols,Mollisols_Ustolls_Natrustolls,0
Paleustolls,Ustolls,Mollisols,Mollisols_Ustolls_Paleustolls,0
Vermustolls,Ustolls,Mollisols,Mollisols_Ustolls_Vermustolls,0
Argixerolls,Xerolls,Mollisols,Mollisols_Xerolls_Argixerolls,0
Calcixerolls,Xerolls,Mollisols,Mollisols_Xerolls_Calcixerolls,0
Durixerolls,Xerolls,Mollisols,Mollisols_Xerolls_Durixerolls,0
Haploxerolls,Xerolls,Mollisols,Mollisols_Xerolls_Haploxerolls,0
Natrixerolls,Xerolls,Mollisols,Mollisols_Xerolls_Natrixerolls,0
Palexerolls,Xerolls,Mollisols,Mollisols_Xerolls_Palexerolls,0
Acraquox,Aquox,Oxisols,Oxisols_Aquox_Acraquox,0
Eutraquox,Aquox,Oxisols,Oxisols_Aquox_Eutraquox,0
Haplaquox,Aquox,Oxisols,Oxisols_Aquox_Haplaquox,0
Plinthaquox,Aquox,Oxisols,Oxisols_Aquox_Plinthaquox,0
Umbraquox,Aquox,Oxisols,Oxisols_Aquox_Umbraquox,0
Acrohumox,Humox,Oxisols,Oxisols_Humox_Acrohumox,0
Haplohumox,Humox,Oxisols,Oxisols_Humox_Haplohumox,0
Acrorthox,Orthox,Oxisols,Oxisols_Orthox_Acrorthox,0
Haplorthox,Orthox,Oxisols,Oxisols_Orthox_Haplorthox,0
Umbriorthox,Orthox,Oxisols,Oxisols_Orthox_Umbriorthox,0
Acroperox,Perox,Oxisols,Oxisols_Perox_Acroperox,0
Eutroperox,Perox,Oxisols,Oxisols_Perox_Eutroperox,0
Haploperox,Perox,Oxisols,Oxisols_Perox_Haploperox,0
Kandiperox,Perox,Oxisols,Oxisols_Perox_Kandiperox,0
Sombriperox,Perox,Oxisols,Oxisols_Perox_Sombriperox,0
Acrotorrox,Torrox,Oxisols,Oxisols_Torrox_Acrotorrox,0
Eutrotorrox,Torrox,Oxisols,Oxisols_Torrox_Eutrotorrox,0
Haplotorrox,Torrox,Oxisols,Oxisols_Torrox_Haplotorrox,0
Acrudox,Udox,Oxisols,Oxisols_Udox_Acrudox,0
Eutrudox,Udox,Oxisols,Oxisols_Udox_Eutrudox,0
Hapludox,Udox,Oxisols,Oxisols_Udox_Hapludox,0
Kandiudox,Udox,Oxisols,Oxisols_Udox_Kandiudox,0
Sombriudox,Udox,Oxisols,Oxisols_Udox_Sombriudox,0
Acrustox,Ustox,Oxisols,Oxisols_Ustox_Acrustox,0
Eutrustox,Ustox,Oxisols,Oxisols_Ustox_Eutrustox,0
Haplustox,Ustox,Oxisols,Oxisols_Ustox_Haplustox,0
Kandiustox,Ustox,Oxisols,Oxisols_Ustox_Kandiustox,0
Sombriustox,Ustox,Oxisols,Oxisols_Ustox_Sombriustox,0
Alaquods,Aquods,Spodosols,Spodosols_Aquods_Alaquods,0
Cryaquods,Aquods,Spodosols,Spodosols_Aquods_Cryaquods,0
Duraquods,Aquods,Spodosols,Spodosols_Aquods_Duraquods,0
Endoaquods,Aquods,Spodosols,Spodosols_Aquods_Endoaquods,0
Epiaquods,Aquods,Spodosols,Spodosols_Aquods_Epiaquods,0
Fragiaquods,Aquods,Spodosols,Spodosols_Aquods_Fragiaquods,0
Haplaquods,Aquods,Spodosols,Spodosols_Aquods_Haplaquods,0
Placaquods,Aquods,Spodosols,Spodosols_Aquods_Placaquods,0
Sideraquods,Aquods,Spodosols,Spodosols_Aquods_Sideraquods,0
Tropaquods,Aquods,Spodosols,Spodosols_Aquods_Tropaquods,0
Duricryods,Cryods,Spodosols,Spodosols_Cryods_Duricryods,0
Haplocryods,Cryods,Spodosols,Spodosols_Cryods_Haplocryods,0
Humicryods,Cryods,Spodosols,Spodosols_Cryods_Humicryods,0
Placocryods,Cryods,Spodosols,Spodosols_Cryods_Placocryods,0
Haplogelods,Gelods,Spodosols,Spodosols_Gelods_Haplogelods,0
Humigelods,Gelods,Spodosols,Spodosols_Gelods_Humigelods,0
Durihumods,Humods,Spodosols,Spodosols_Humods_Durihumods,0
Fragihumods,Humods,Spodosols,Spodosols_Humods_Fragihumods,0
Haplohumods,Humods,Spodosols,Spodosols_Humods_Haplohumods,0
Placohumods,Humods,Spodosols,Spodosols_Humods_Placohumods,0
Tropohumods,Humods,Spodosols,Spodosols_Humods_Tropohumods,0
Alorthods,Orthods,Spodosols,Spodosols_Orthods_Alorthods,0
Cryorthods,Orthods,Spodosols,Spodosols_Orthods_Cryorthods,0
Durorthods,Orthods,Spodosols,Spodosols_Orthods_Durorthods,0
Fragiorthods,Orthods,Spodosols,Spodosols_Orthods_Fragiorthods,0
Haplorthods,Orthods,Spodosols,Spodosols_Orthods_Haplorthods,0
Placorthods,Orthods,Spodosols,Spodosols_Orthods_Placorthods,0
Troporthods,Orthods,Spodosols,Spodosols_Orthods_Troporthods,0
Albaquults,Aquults,Ultisols,Ultisols_Aquults_Albaquults,0
Endoaquults,Aquults,Ultisols,Ultisols_Aquults_Endoaquults,0
Epiaquults,Aquults,Ultisols,Ultisols_Aquults_Epiaquults,0
Fragiaquults,Aquults,Ultisols,Ultisols_Aquults_Fragiaquults,0
Kandiaquults,Aquults,Ultisols,Ultisols_Aquults_Kandiaquults,0
Kanhaplaquults,Aquults,Ultisols,Ultisols_Aquults_Kanhaplaquults,0
Ochraquults,Aquults,Ultisols,Ultisols_Aquults_Ochraquults,0
Paleaquults,Aquults,Ultisols,Ultisols_Aquults_Paleaquults,0
Plinthaquults,Aquults,Ultisols,Ultisols_Aquults_Plinthaquults,0
Tropaquults,Aquults,Ultisols,Ultisols_Aquults_Tropaquults,0
Umbraquults,Aquults,Ultisols,Ultisols_Aquults_Umbraquults,0
Haplohumults,Humults,Ultisols,Ultisols_Humults_Haplohumults,0
Kandihumults,Humults,Ultisols,Ultisols_Humults_Kandihumults,0
Kanhaplohumults,Humults,Ultisols,Ultisols_Humults_Kanhaplohumults,0
Palehumults,Humults,Ultisols,Ultisols_Humults_Palehumults,0
Plinthohumults,Humults,Ultisols,Ultisols_Humults_Plinthohumults,0
Sombrihumults,Humults,Ultisols,Ultisols_Humults_Sombrihumults,0
Fragiudults,Udults,Ultisols,Ultisols_Udults_Fragiudults,0
Hapludults,Udults,Ultisols,Ultisols_Udults_Hapludults,0
Kandiudults,Udults,Ultisols,Ultisols_Udults_Kandiudults,0
Kanhapludults,Udults,Ultisols,Ultisols_Udults_Kanhapludults,0
Paleudults,Udults,Ultisols,Ultisols_Udults_Paleudults,0
Plinthudults,Udults,Ultisols,Ultisols_Udults_Plinthudults,0
Rhodudults,Udults,Ultisols,Ultisols_Udults_Rhodudults,0
Tropudults,Udults,Ultisols,Ultisols_Udults_Tropudults,0
Haplustults,Ustults,Ultisols,Ultisols_Ustults_Haplustults,0
Kandiustults,Ustults,Ultisols,Ultisols_Ustults_Kandiustults,0
Kanhaplustults,Ustults,Ultisols,Ultisols_Ustults_Kanhaplustults,0
Paleustults,Ustults,Ultisols,Ultisols_Ustults_Paleustults,0
Plinthustults,Ustults,Ultisols,Ultisols_Ustults_Plinthustults,0
Rhodustults,Ustults,Ultisols,Ultisols_Ustults_Rhodustults,0
Haploxerults,Xerults,Ultisols,Ultisols_Xerults_Haploxerults,0
Palexerults,Xerults,Ultisols,Ultisols_Xerults_Palexerults,0
Calciaquerts,Aquerts,Vertisols,Vertisols_Aquerts_Calciaquerts,0
Duraquerts,Aquerts,Vertisols,Vertisols_Aquerts_Duraquerts,0
Dystraquerts,Aquerts,Vertisols,Vertisols_Aquerts_Dystraquerts,0
Endoaquert,Aquerts,Vertisols,Vertisols_Aquerts_Endoaquert,0
Endoaquerts,Aquerts,Vertisols,Vertisols_Aquerts_Endoaquerts,0
Epiaquerts,Aquerts,Vertisols,Vertisols_Aquerts_Epiaquerts,0
Natraquerts,Aquerts,Vertisols,Vertisols_Aquerts_Natraquerts,0
Salaquerts,Aquerts,Vertisols,Vertisols_Aquerts_Salaquerts,0
Sulfaquerts,Aquerts,Vertisols,Vertisols_Aquerts_Sulfaquerts,0
Haplocryerts,Cryerts,Vertisols,Vertisols_Cryerts_Haplocryerts,0
Humicryerts,Cryerts,Vertisols,Vertisols_Cryerts_Humicryerts,0
Calcitorrerts,Torrerts,Vertisols,Vertisols_Torrerts_Calcitorrerts,0
Gypsitorrerts,Torrerts,Vertisols,Vertisols_Torrerts_Gypsitorrerts,0
Haplotorrerts,Torrerts,Vertisols,Vertisols_Torrerts_Haplotorrerts,0
Salitorrerts,Torrerts,Vertisols,Vertisols_Torrerts_Salitorrerts,0
Torrerts,Torrerts,Vertisols,Vertisols_Torrerts_Torrerts,0
Chromuderts,Uderts,Vertisols,Vertisols_Uderts_Chromuderts,0
Dystruderts,Uderts,Vertisols,Vertisols_Uderts_Dystruderts,0
Hapluderts,Uderts,Vertisols,Vertisols_Uderts_Hapluderts,0
Pelluderts,Uderts,Vertisols,Vertisols_Uderts_Pelluderts,0
Calciusterts,Usterts,Vertisols,Vertisols_Usterts_Calciusterts,0
Chromusterts,Usterts,Vertisols,Vertisols_Usterts_Chromusterts,0
Dystrusterts,Usterts,Vertisols,Vertisols_Usterts_Dystrusterts,0
Gypsiusterts,Usterts,Vertisols,Vertisols_Usterts_Gypsiusterts,0
Haplusterts,Usterts,Vertisols,Vertisols_Usterts_Haplusterts,0
Pellusterts,Usterts,Vertisols,Vertisols_Usterts_Pellusterts,0
Salusterts,Usterts,Vertisols,Vertisols_Usterts_Salusterts,0
Calcixererts,Xererts,Vertisols,Vertisols_Xererts_Calcixererts,0
Chromoxererts,Xererts,Vertisols,Vertisols_Xererts_Chromoxererts,0
Durixererts,Xererts,Vertisols,Vertisols_Xererts_Durixererts,0
Haploxererts,Xererts,Vertisols,Vertisols_Xererts_Haploxererts,0
Pelloxererts,Xererts,Vertisols,Vertisols_Xererts_Pelloxererts,0